[
  {
    "name": "theme_info",
    "theme_name": "Hydrogen theme",
    "theme_version": "0.0.0",
    "theme_author": "THEME_AUTHOR",
    "theme_documentation_url": "https://THEME_DOCUMENTATION_URL.com/",
    "theme_support_url": "https://THEME_SUPPORT_URL.com/"
  },
  {
    "name": "Header",
    "settings": [
      {
        "type": "checkbox",
        "id": "enable_sticky_header",
        "default": true,
        "label": "Enable sticky header",
        "info": "Header shows on the screen as customers scroll up."
      },
    ]
  },
  {
    "name": "Logo",
    "settings": [
      {
        "type": "image_picker",
        "id": "logo",
        "label": "Logo image"
      },
      {
        "type": "range",
        "id": "logo_width",
        "min": 50,
        "max": 300,
        "step": 10,
        "default": 100,
        "unit": "px",
        "label": "Logo width"
      },
      {
        "type": "text",
        "id": "logo_text",
        "default": "Cologne, Germany",
        "label": "Logo text bottom"
      }
    ]
  },
  {
    "name": "Colors",
    "settings": [
      {
        "type": "color",
        "id": "colors_primary",
        "default": "#000000",
        "label": "Primary",
        "info": "Text, buttons, etc."
      },
      {
        "type": "color",
        "id": "colors_contrast",
        "default": "#FFFFFF",
        "label": "Accent",
        "info": "Backgrounds, borders, etc."
      },
      {
        "type": "color",
        "id": "colors_accent",
        "default": "#2D4F7F",
        "label": "Labels like \"On sale\""
      }
    ]
  },
  {
    "name": "Cart",
    "settings": [
      {
        "type": "select",
        "id": "cart_type",
        "options": [
          {
            "value": "drawer",
            "label": "Drawer"
          },
          {
            "value": "page",
            "label": "Page"
          }
        ],
        "default": "drawer",
        "label": "Cart type"
      },
    ]
  },
  {
    "name": "Favicon",
    "settings": [
      {
        "type": "image_picker",
        "id": "favicon",
        "label": "Favicon image",
        "info": "Will be scaled down to 32 x 32px"
      }
    ]
  },
  {
    "name": "Social media",
    "settings": [
      {
        "type": "header",
        "content": "Social accounts"
      },
      {
        "type": "text",
        "id": "social_twitter_link",
        "label": "Twitter",
        "info": "https://twitter.com/shopify"
      },
      {
        "type": "text",
        "id": "social_facebook_link",
        "label": "Facebook",
        "info": "https://facebook.com/shopify"
      },
      {
        "type": "text",
        "id": "social_pinterest_link",
        "label": "Pinterest",
        "info": "https://pinterest.com/shopify"
      },
      {
        "type": "text",
        "id": "social_instagram_link",
        "label": "Instagram",
        "info": "http://instagram.com/shopify"
      },
      {
        "type": "text",
        "id": "social_tiktok_link",
        "label": "TikTok",
        "info": "https://tiktok.com/@shopify"
      },
      {
        "type": "text",
        "id": "social_tumblr_link",
        "label": "Tumblr",
        "info": "https://shopify.tumblr.com"
      },
      {
        "type": "text",
        "id": "social_snapchat_link",
        "label": "Snapchat",
        "info": "https://www.snapchat.com/add/shopify"
      },
      {
        "type": "text",
        "id": "social_youtube_link",
        "label": "YouTube",
        "info": "https://www.youtube.com/shopify"
      },
      {
        "type": "text",
        "id": "social_vimeo_link",
        "label": "Vimeo",
        "info": "https://vimeo.com/shopify"
      }
    ]
  }
]
