{"logo":"shopify:\/\/shop_images\/Logo.svg","current":{"logo":"shopify:\/\/shop_images\/SecondaryLogo_14_c134616d-685e-48b1-8ab3-e352b584c10b.png","logo_width":110,"colors_primary":"#000000","colors_contrast":"#ffffff","colors_accent":"#2d4f7f","cart_type":"drawer","favicon":"shopify:\/\/shop_images\/SubmarkLogo_5_19e80834-0d66-456e-a3ba-8236851e6bb2.png","social_instagram_link":"https:\/\/www.instagram.com\/humbl.club\/","social_tiktok_link":"https:\/\/www.tiktok.com\/@humbl.club","sections":{"header":{"type":"header","settings":{"menu":"test-sidebar","menu2":"test-secondary"}},"cart-drawer":{"type":"cart-drawer","settings":{}}},"content_for_index":[],"blocks":{"14060646107696862457":{"type":"shopify:\/\/apps\/judge-me-reviews\/blocks\/judgeme_core\/61ccd3b1-a9f2-4160-9fe9-4fec8413e5d8","disabled":false,"settings":{}},"6933373160360723723":{"type":"shopify:\/\/apps\/swishlist-simple-wishlist\/blocks\/wishlist_settings\/bfcb80f2-f00d-42ae-909a-9f00c726327b","disabled":false,"settings":{}},"21474836472147483647":{"type":"shopify:\/\/apps\/ecomposer-landing-page-builder\/blocks\/app-embed\/a0fc26e1-7741-4773-8b27-39389b4fb4a0","disabled":false,"settings":{}},"855628211100114053":{"type":"shopify:\/\/apps\/klaviyo-email-marketing-sms\/blocks\/klaviyo-onsite-embed\/2632fe16-c075-4321-a88b-50b567f42507","disabled":false,"settings":{}},"9005256451184024879":{"type":"shopify:\/\/apps\/uppromote-affiliate\/blocks\/customer-referral\/64c32457-930d-4cb9-9641-e24c0d9cf1f4","disabled":false,"settings":{}},"1996061711396120121":{"type":"shopify:\/\/apps\/uppromote-affiliate\/blocks\/message-bar\/64c32457-930d-4cb9-9641-e24c0d9cf1f4","disabled":false,"settings":{}},"7584948915495707528":{"type":"shopify:\/\/apps\/joy-loyalty-program\/blocks\/app-embed\/555c55c9-9a3d-4fe0-a7a8-2c256984a371","disabled":false,"settings":{}},"18208872656243357035":{"type":"shopify:\/\/apps\/joy-loyalty-program\/blocks\/joy-points-calculator-embed\/555c55c9-9a3d-4fe0-a7a8-2c256984a371","disabled":false,"settings":{"points_calculator_alignment":"left"}},"pagefly-page-builder":{"type":"shopify:\/\/apps\/pagefly-page-builder\/blocks\/app-embed\/83e179f7-59a0-4589-8c66-c0dddf959200","disabled":false,"settings":{}},"6478312753674380289":{"type":"shopify:\/\/apps\/gempages-builder\/blocks\/embed-gp-script-head\/20b379d4-1b20-474c-a6ca-665c331919f3","disabled":false,"settings":{}},"1656560654682496077":{"type":"shopify:\/\/apps\/instant-section-page-builder\/blocks\/instant_core\/927e19d9-4e68-41db-99c7-d8debdc1f80d","disabled":false,"settings":{}},"3138269044488530766":{"type":"shopify:\/\/apps\/uppromote-affiliate\/blocks\/core-script\/64c32457-930d-4cb9-9641-e24c0d9cf1f4","disabled":false,"settings":{}}}},"presets":{"Default":{}}}