{"sections":{"main":{"type":"main-page","settings":{}},"1736523931be86f66e":{"type":"apps","blocks":{"joy_loyalty_program_joy_in_line_GCb8rq":{"type":"shopify:\/\/apps\/joy-loyalty-program\/blocks\/joy-in-line\/555c55c9-9a3d-4fe0-a7a8-2c256984a371","settings":{"joy-in-line-background-color":"#fff","joy-inline-banner-height":"fit-content","joy-in-line-content-alignment":"center","joy-in-line-title-before":"Join The Club","joy-in-line-title-after":"Hi {customer_name}, you have {balance_points} {loyalty_points}","joy-inline-heading-tag":"h2","joy-in-line-font-size-heading":"4rem","joy-in-line-subheading":"Receive exclusive rewards, discounts and access to special events when you join the community.","joy-inline-subheading-tag":"h3","joy-in-line-heading-color":"#2d4f7f","joy-in-line-subheading-color":"#000000","joy-in-line-primary-button-label":"Join the Club","joy-in-line-primary-button-label-loggedIn":"Earn more points","joy-in-line-primary-button-link":"\/account\/login","joy-in-line-primary-button-link-loggedIn":"\/collections\/all","joy-in-line-secondary-button-label":"","joy-in-line-secondary-button-link":"\/account\/login","joy-in-line-corner-radius":8,"joy-in-line-primary-button-backgroundcolor":"#2d4f7f","joy-in-line-primary-button-color":"#FFFFFF","joy-in-line-secondary-button-backgroundcolor":"#FFFFFF","joy-in-line-secondary-button-color":"#000000","joy-in-line-button-backgroundcolor-hover":"#000000","joy-in-line-button-color-hover":"#ffffff","joy-inline-max-width":120}}},"block_order":["joy_loyalty_program_joy_in_line_GCb8rq"],"settings":{}},"1736523987b24d369c":{"type":"apps","blocks":{"joy_loyalty_program_joy_way_to_earn_block_VmKrAm":{"type":"shopify:\/\/apps\/joy-loyalty-program\/blocks\/joy-way-to-earn-block\/555c55c9-9a3d-4fe0-a7a8-2c256984a371","settings":{"joy-way-to-earn-title":"Ways to earn","joy-way-to-earn-heading-tag":"h2","joy-way-to-earn-font-size-heading":"2.4rem","joy-way-to-earn-subtitle":"Earn more points for different actions, and turn those points into awesome rewards.","joy-way-to-earn-subheading-tag":"p","joy-way-to-earn-text-summary":"Get more points by completing these missions","joy-way-to-earn-desktop-number-columns":3,"joy-way-to-earn-mobile-number-columns":"1","joy-way-to-earn-corner-radius":12,"joy-way-to-earn-button-shop":"","joy-way-to-earn-button-shop-url":"","joy-way-to-earn-button-corner-radius":12,"joy-way-to-earn-heading-color":"#000000","joy-way-to-earn-subheading-color":"#000000","joy-way-to-earn-summary-color":"#303030","joy-way-to-earn-icon-color":"#d9d9d9","joy-way-to-earn-program-name-color":"#000000","joy-way-to-earn-points-color":"#4a4a4a","joy-way-to-earn-button-shop-backgroundcolor":"#000000","joy-way-to-earn-button-shop-color":"#FFFFFF","joy-way-to-earn-card-color":"#ffffff","joy-way-to-earn-background-color":"#F6F6F6","joy-way-to-earn-icon-size":80,"joy-way-to-earn-max-width":120}}},"block_order":["joy_loyalty_program_joy_way_to_earn_block_VmKrAm"],"settings":{}},"17365239224e350bab":{"type":"apps","blocks":{"joy_loyalty_program_joy_faq_block_7C4dNm":{"type":"shopify:\/\/apps\/joy-loyalty-program\/blocks\/joy-faq-block\/555c55c9-9a3d-4fe0-a7a8-2c256984a371","settings":{"joy-faq-title":"Frequently Asked Questions","joy-fag-heading-tag":"h2","joy-faq-font-size-heading":"2.4rem","joy-faq-subheading":"Explore this section to find comprehensive answers to all your questions about the loyalty program.","joy-fag-subheading-tag":"p","joy-faq-corner-radius":12,"joy-faq-font-size-question":12,"joy-faq-heading-color":"#000000","joy-faq-subheading-color":"#000000","joy-faq-question-color":"#000000","joy-faq-answer-color":"#303030","joy-faq-question-backgroundcolor":"#ffffff","joy-faq-background-color":"#F6F6F6","joy-faq-max-width":120}}},"block_order":["joy_loyalty_program_joy_faq_block_7C4dNm"],"settings":{}},"173652393921a219c0":{"type":"apps","blocks":{"joy_loyalty_program_joy_rewards_activity_CQcGrF":{"type":"shopify:\/\/apps\/joy-loyalty-program\/blocks\/joy-rewards-activity\/555c55c9-9a3d-4fe0-a7a8-2c256984a371","settings":{"joy-rewards-activity-heading":"Hi {customer_name}, you have","joy-rewards-activity-size":"medium","joy-rewards-activity-action-column":"Action","joy-rewards-activity-points-column":"Points","joy-rewards-activity-date-column":"Date","joy-rewards-activity-empty-message":"You don't have any activities","joy-rewards-activity-bg-color":"#FFFFFF","joy-rewards-activity-table-color":"#ffffff","joy-rewards-activity-header-row-color":"#e3e3e3","joy-rewards-activity-header-text-color":"#000000","joy-rewards-activity-text-color":"#000000","joy-rewards-activity-max-width":120}}},"block_order":["joy_loyalty_program_joy_rewards_activity_CQcGrF"],"settings":{}}},"order":["main","1736523931be86f66e","1736523987b24d369c","17365239224e350bab","173652393921a219c0"]}