{
  "sections": {
    "main": {
      "type": "main-product",
      "blocks": {
        "price": {
          "type": "price",
          "settings": {}
        },
        "tab3": {
          "type": "tab",
          "settings": {
            "title": "Product Details",
            "content": "<p>Lorem ipsum<\/p>",
            "page": "",
            "product_info": "description"
          }
        },
        "tab1": {
          "type": "tab",
          "settings": {
            "title": "Size & fit",
            "content": "<p>Lorem ipsum<\/p>",
            "page": "",
            "product_info": "size"
          }
        },
        "tab": {
          "type": "tab",
          "settings": {
            "title": "Delivery and Returns",
            "content": "<p>Use collapsible tabs for more detailed information that will help customers make a purchasing decision.<\/p><p>Ex: Shipping and return policies, size guides, and other common questions.<\/p>",
            "page": "",
            "product_info": "delivery"
          }
        },
        "judge_me_reviews_preview_badge_UADjgx": {
          "type": "shopify:\/\/apps\/judge-me-reviews\/blocks\/preview_badge\/61ccd3b1-a9f2-4160-9fe9-4fec8413e5d8",
          "settings": {}
        }
      },
      "block_order": [
        "price",
        "tab3",
        "tab1",
        "tab",
        "judge_me_reviews_preview_badge_UADjgx"
      ],
      "settings": {
        "show_vendor": false
      }
    },
    "product-recommendations": {
      "type": "product-recommendations",
      "settings": {
        "heading": "Similar Items",
        "products_to_show": 8
      }
    },
    "product-reviews": {
      "type": "product-reviews",
      "settings": {}
    },
    "modal-sizes": {
      "type": "modal-sizes",
      "settings": {
        "page": "sizes"
      }
    }
  },
  "order": [
    "main",
    "product-recommendations",
    "product-reviews",
    "modal-sizes"
  ]
}
